date,exit_date,coin,entry_price,exit_price,gross_ret,net_ret,btc_ret
2019-02-24,2019-03-01,ADA,0.0424560010433197,0.043278999626636505,0.019384740981070347,0.017384740981070346,0.012900455428158875
2019-03-21,2019-03-26,ADA,0.05290000140666962,0.062369998544454575,0.17901695436611043,0.17701695436611042,-0.010981013653376226
2019-04-03,2019-04-08,XRP,0.3422339856624603,0.3582339882850647,0.04675164739011306,0.04475164739011306,0.06369346951996557
2019-04-03,2019-04-08,ETH,161.45880126953125,180.25881958007812,0.11643848562434855,0.11443848562434855,0.06369346951996557
2019-04-04,2019-04-09,ADA,0.08737000077962875,0.08374900370836258,-0.041444397836270186,-0.04344439783627019,0.05731692027647184
2019-04-05,2019-04-10,DOGE,0.003590000094845891,0.003020999953150749,-0.15849585700904212,-0.16049585700904212,0.05715482016065154
2019-05-07,2019-05-12,LINK,0.5447239875793457,0.6579899787902832,0.20793281330288194,0.20593281330288193,0.19604937473296147
2019-05-16,2019-05-21,ADA,0.08816099911928177,0.0846169963479042,-0.040199212880771995,-0.042199212880772,0.009945384942830593
2019-05-16,2019-05-21,XRP,0.4197070002555847,0.39760300517082214,-0.05266530001001202,-0.05466530001001202,0.009945384942830593
2019-05-17,2019-05-22,LINK,0.8877310156822205,1.2200440168380737,0.3743397440050813,0.3723397440050813,0.045775555776886856
2019-05-24,2019-05-29,LINK,1.336959958076477,1.1827880144119263,-0.11531530374803622,-0.11731530374803623,0.08414729623550654
2019-05-30,2019-06-04,LINK,1.0247509479522705,0.8832499980926514,-0.13808325831986423,-0.14008325831986423,-0.07352649445836079
2019-06-14,2019-06-19,LINK,1.676558017730713,1.838441014289856,0.09655675189711488,0.09455675189711488,0.06667812414174246
2019-06-30,2019-07-05,LINK,3.4468889236450195,3.6221530437469482,0.050847046128945195,0.04884704612894519,0.01491193233549093
2019-08-25,2019-08-30,ADA,0.04943900182843208,0.0448249988257885,-0.09332718768585857,-0.09532718768585857,-0.053296129916059254
2019-09-19,2019-09-24,XRP,0.3024410009384155,0.23522600531578064,-0.2222416782581722,-0.2242416782581722,-0.16031386092908184
2019-09-19,2019-09-24,XLM,0.081386998295784,0.05450399965047836,-0.3303107278585826,-0.3323107278585826,-0.16031386092908184
2019-09-19,2019-09-24,ADA,0.05250399932265282,0.03757299855351448,-0.28437835139725,-0.28637835139725,-0.16031386092908184
2019-09-24,2019-09-29,LINK,1.7358089685440063,1.7172199487686157,-0.01070913914621785,-0.01270913914621785,-0.059901036085125314
2019-10-10,2019-10-15,LINK,2.6354880332946777,2.394792079925537,-0.09132879767556434,-0.09332879767556435,-0.04438428492124413
2019-10-26,2019-10-31,ADA,0.040546998381614685,0.04163600131869316,0.026857794178231087,0.024857794178231085,-0.00490944613901223
2019-10-26,2019-10-31,XRP,0.2936989963054657,0.29635798931121826,0.009053463032563602,0.007053463032563602,-0.00490944613901223
2019-10-26,2019-10-31,DOGE,0.002621999941766262,0.0026149998884648085,-0.0026697381605348403,-0.00466973816053484,-0.00490944613901223
2019-11-24,2019-11-29,XLM,0.056880999356508255,0.05915199965238571,0.0399254640665454,0.0379254640665454,0.10121099055890714
2019-11-25,2019-11-30,XRP,0.21862199902534485,0.22647400200366974,0.035915886842726286,0.033915886842726284,0.05926226771715082
2020-01-19,2020-01-24,XLM,0.060044001787900925,0.05730300024151802,-0.04564988116656854,-0.04764988116656854,-0.029956719959574607
2020-02-15,2020-02-20,LINK,4.304660797119141,4.271368980407715,-0.007733900133015337,-0.009733900133015337,-0.02840905556173834
2020-04-30,2020-05-05,ADA,0.047846000641584396,0.04935799911618233,0.03160135548056253,0.02960135548056253,0.039789162608913076
2020-05-31,2020-06-05,ADA,0.07435200363397598,0.08544199913740158,0.14915530128844967,0.14715530128844967,0.02161223369973375
2020-07-09,2020-07-14,ADA,0.1242929995059967,0.13196299970149994,0.06170902807066936,0.05970902807066936,-0.0037458533052355802
2020-07-09,2020-07-14,DOGE,0.004397000186145306,0.0032939999364316463,-0.2508529003908505,-0.2528529003908505,-0.0037458533052355802
2020-07-13,2020-07-18,LINK,7.182291030883789,7.959280014038086,0.10818121680300208,0.10618121680300208,-0.009149475128575335
2020-08-02,2020-08-07,ETH,370.6717224121094,379.5128479003906,0.02385163192581441,0.021851631925814408,0.04956373414698123
2020-08-02,2020-08-07,XRP,0.28706198930740356,0.2946639955043793,0.026482106583728182,0.02448210658372818,0.04956373414698123
2020-08-11,2020-08-16,XRP,0.2844490110874176,0.30349200963974,0.06694696697845104,0.06494696697845104,0.04226609238420731
2020-08-18,2020-08-23,LINK,16.241374969482422,15.174675941467285,-0.06567787702823602,-0.06767787702823602,-0.027218696471209447
2020-09-02,2020-09-07,BNB,24.69036293029785,22.393306732177734,-0.0930345254383187,-0.0950345254383187,-0.09150758502053091
2020-09-05,2020-09-10,ETH,335.26007080078125,368.1018981933594,0.0979592568662715,0.09595925686627149,0.019034368107895494
2020-09-15,2020-09-20,BNB,27.202390670776367,26.392133712768555,-0.029786240768840733,-0.031786240768840734,0.013088909105019031
2020-10-29,2020-11-03,XRP,0.24229499697685242,0.23950999975204468,-0.01149424156320411,-0.01349424156320411,0.03813234390415632
2020-11-07,2020-11-12,AVAX,3.4034080505371094,3.429142951965332,0.0075615092419381025,0.0055615092419381024,0.09725049052770007
2020-11-22,2020-11-27,XRP,0.44369998574256897,0.5592679977416992,0.2604643130779405,0.2584643130779405,-0.06867716250625566
2020-11-22,2020-11-27,DOGE,0.0033289999701082706,0.003275000024586916,-0.016221071194421954,-0.018221071194421956,-0.06867716250625566
2020-11-22,2020-11-27,XLM,0.10352600365877151,0.2064090073108673,0.9937890000197913,0.9917890000197913,-0.06867716250625566
2020-11-26,2020-12-01,ADA,0.13828100264072418,0.15598300099372864,0.1280146803606641,0.1260146803606641,0.09634489636229726
2020-11-28,2020-12-03,XLM,0.20020300149917603,0.18430399894714355,-0.07941440654224108,-0.08141440654224108,0.09753028116317419
2020-12-22,2020-12-27,DOGE,0.0045079998672008514,0.004548000171780586,0.008873182288838821,0.006873182288838821,0.10466562496843412
2020-12-23,2020-12-28,AVAX,2.916322946548462,2.947434902191162,0.010668213436211493,0.008668213436211493,0.1653717878353409
2021-01-03,2021-01-08,DOGE,0.009770999662578106,0.009846000000834465,0.007675810136766437,0.005675810136766437,0.2445116285387927
2021-01-04,2021-01-09,LINK,13.571063041687012,17.607513427734375,0.29743067095395315,0.29543067095395315,0.2590596482997163
2021-01-07,2021-01-12,XLM,0.31579700112342834,0.28174299001693726,-0.10783513138296452,-0.10983513138296452,-0.1383778945245192
2021-01-07,2021-01-12,ADA,0.2999800145626068,0.2870030105113983,-0.04325956204159109,-0.045259562041591095,-0.1383778945245192
2021-01-08,2021-01-13,ETH,1224.1971435546875,1130.7393798828125,-0.07634208604710735,-0.07834208604710735,-0.08532975469227477
2021-01-10,2021-01-15,AVAX,6.586495876312256,9.380011558532715,0.42412775088299814,0.42212775088299814,-0.0399170038360368
2021-01-11,2021-01-16,BTC,35566.65625,36178.140625,0.017192630386782648,0.015192630386782648,0.017192630386782648
2021-01-16,2021-01-21,LINK,20.21839714050293,18.424272537231445,-0.08873723227433128,-0.09073723227433128,-0.1479468351270471
2021-01-29,2021-02-03,XLM,0.29467400908470154,0.3421509861946106,0.16111694837756185,0.15911694837756185,0.09195907339730991
2021-01-30,2021-02-04,DOGE,0.028176000341773033,0.05328899994492531,0.8912904350700326,0.8892904350700326,0.07751911034289538
2021-02-01,2021-02-06,XRP,0.37150898575782776,0.43909600377082825,0.1819256615694831,0.1799256615694831,0.17082046427722397
2021-02-05,2021-02-10,DOGE,0.04693499952554703,0.07289600372314453,0.5531267595617373,0.5511267595617373,0.17758547080100717
2021-02-11,2021-02-16,AVAX,47.37031936645508,36.33607482910156,-0.23293582743221553,-0.23493582743221553,0.026937112411799413
2021-02-11,2021-02-16,BNB,124.43425750732422,130.05665588378906,0.045183685659344386,0.043183685659344384,0.026937112411799413
2021-02-11,2021-02-16,ADA,0.9277409911155701,0.8709509968757629,-0.061213199355910186,-0.06321319935591019,0.026937112411799413
2021-02-20,2021-02-25,BNB,255.9537353515625,233.88595581054688,-0.08621784523169651,-0.08821784523169651,-0.16053021565957315
2021-02-26,2021-03-03,BTC,46339.76171875,50538.2421875,0.09060211604521928,0.08860211604521928,0.09060211604521928
2021-04-07,2021-04-12,XRP,0.917576014995575,1.4677350521087646,0.5995787031506516,0.5975787031506516,0.06859212317807084
2021-04-13,2021-04-18,BNB,549.5865478515625,481.03424072265625,-0.12473432509745763,-0.12673432509745763,-0.11475396424345752
2021-04-17,2021-04-22,DOGE,0.28417301177978516,0.2609669864177704,-0.081661608949684,-0.083661608949684,-0.1470168955918929
2021-04-18,2021-04-23,LINK,39.06591033935547,35.05847930908203,-0.10258127854853294,-0.10458127854853294,-0.09112200299860829
2021-05-09,2021-05-14,DOGE,0.5700700283050537,0.5596039891242981,-0.018359216694611158,-0.02035921669461116,-0.14342175900637222
2021-05-19,2021-05-24,ADA,1.4825210571289062,1.5494849681854248,0.0451689443023513,0.0431689443023513,0.04603855847771876
2021-08-08,2021-08-13,DOGE,0.2400449961423874,0.2868080139160156,0.1948093837619087,0.1928093837619087,0.09121860439562979
2021-08-12,2021-08-17,XRP,0.9645490050315857,1.0981990098953247,0.13856217171605745,0.13656217171605745,0.006011267103360529
2021-08-15,2021-08-20,ADA,2.1691529750823975,2.4577019214630127,0.13302378840738727,0.13102378840738726,0.04872088942300312
2021-08-16,2021-08-21,DOGE,0.3207150101661682,0.3167969882488251,-0.012216521812662084,-0.014216521812662085,0.06305923980916273
2021-08-22,2021-08-27,AVAX,43.53219985961914,50.077789306640625,0.1503620186466439,0.1483620186466439,-0.005332026858449801
2021-08-24,2021-08-29,ADA,2.7210910320281982,2.8559861183166504,0.04957389690410552,0.04757389690410552,0.023554942426637915
2021-09-07,2021-09-12,XLM,0.33428698778152466,0.3331559896469116,-0.003383314864029985,-0.005383314864029985,-0.015976102103791634
2021-09-07,2021-09-12,LINK,28.11425018310547,29.379243850708008,0.044994750326391664,0.04299475032639166,-0.015976102103791634
2021-10-27,2021-11-01,DOGE,0.2376900017261505,0.2717280089855194,0.14320336157254543,0.14120336157254543,0.043124428956341054
2021-11-10,2021-11-15,ADA,2.101802110671997,2.015587091445923,-0.04101957020040725,-0.04301957020040725,-0.022114843883676794
2021-11-10,2021-11-15,XLM,0.38525500893592834,0.3759410083293915,-0.024176196001350014,-0.026176196001350016,-0.022114843883676794
2021-11-18,2021-11-23,AVAX,100.25276947021484,123.83104705810547,0.23518829168001942,0.23318829168001942,0.01101008033991735
2021-12-04,2021-12-09,LINK,20.667728424072266,20.306026458740234,-0.017500808889609143,-0.019500808889609145,-0.0310682964706106
2021-12-04,2021-12-09,XLM,0.2891579866409302,0.27405500411987305,-0.05223090220161086,-0.054230902201610864,-0.0310682964706106
2021-12-04,2021-12-09,DOGE,0.17885300517082214,0.1694840043783188,-0.05238380413879562,-0.05438380413879562,-0.0310682964706106
2022-01-06,2022-01-11,BNB,473.2756042480469,463.518310546875,-0.020616515226206333,-0.022616515226206335,-0.009848588105670686
2022-01-06,2022-01-11,LINK,25.377212524414062,26.690950393676758,0.05176840710928432,0.04976840710928432,-0.009848588105670686
2022-01-07,2022-01-12,BTC,41557.90234375,43949.1015625,0.057538977760979826,0.055538977760979824,0.057538977760979826
2022-01-18,2022-01-23,ADA,1.4655410051345825,1.122370958328247,-0.23415929380619527,-0.23615929380619527,-0.1439229982000637
2022-02-24,2022-03-01,DOGE,0.12381300330162048,0.1339379996061325,0.08177651809193698,0.07977651809193698,0.15709933244663188
2022-02-24,2022-03-01,LINK,13.267228126525879,15.334708213806152,0.1558336125348332,0.1538336125348332,0.15709933244663188
2022-02-24,2022-03-01,XRP,0.6962720155715942,0.7848619818687439,0.12723470757965627,0.12523470757965627,0.15709933244663188
2022-02-24,2022-03-01,ADA,0.8534250259399414,0.9623460173606873,0.12762807289460842,0.12562807289460842,0.15709933244663188
2022-03-28,2022-04-02,DOGE,0.14265699684619904,0.13891300559043884,-0.02624470820591196,-0.02824470820591196,-0.026715637904049405
2022-04-06,2022-04-11,DOGE,0.14341700077056885,0.1346540004014969,-0.06110154529790057,-0.06310154529790057,-0.08528382571981996
2022-04-26,2022-05-01,DOGE,0.1377670019865036,0.1327729970216751,-0.03624964536368247,-0.03824964536368247,0.009224979939680633
2022-05-09,2022-05-14,BTC,30296.953125,30101.265625,-0.0064589828288219575,-0.008458982828821958,-0.0064589828288219575
2022-05-09,2022-05-14,ETH,2245.430419921875,2056.27392578125,-0.08424063932794068,-0.08624063932794068,-0.0064589828288219575
2022-05-09,2022-05-14,ADA,0.6100879907608032,0.5393580198287964,-0.1159340488636792,-0.1179340488636792,-0.0064589828288219575
2022-05-11,2022-05-16,BNB,269.9627685546875,297.7101135253906,0.10278211739809673,0.10078211739809673,0.03202070492258935
2022-05-11,2022-05-16,XLM,0.12552300095558167,0.13577799499034882,0.081698126691506,0.079698126691506,0.03202070492258935
2022-05-11,2022-05-16,AVAX,30.962865829467773,32.571998596191406,0.051969761958927,0.049969761958926995,0.03202070492258935
2022-05-11,2022-05-16,LINK,6.916926860809326,7.418417930603027,0.0725020055705814,0.0705020055705814,0.03202070492258935
2022-05-11,2022-05-16,XRP,0.41337600350379944,0.42249900102615356,0.02206948987127233,0.020069489871272328,0.03202070492258935
2022-05-11,2022-05-16,DOGE,0.08458100259304047,0.08784099668264389,0.03854286411440189,0.036542864114401885,0.03202070492258935
2022-06-13,2022-06-18,ETH,1204.582763671875,993.6367797851562,-0.17511954366979454,-0.17711954366979454,-0.15429742174064054
2022-06-13,2022-06-18,BTC,22487.388671875,19017.642578125,-0.15429742174064054,-0.15629742174064054,-0.15429742174064054
2022-06-13,2022-06-18,ADA,0.4631330072879791,0.45618200302124023,-0.015008656600492998,-0.017008656600493,-0.15429742174064054
2022-06-13,2022-06-18,DOGE,0.05392099916934967,0.053011998534202576,-0.016858007995960822,-0.018858007995960824,-0.15429742174064054
2022-06-13,2022-06-18,LINK,5.887118816375732,5.93533992767334,0.008190952620741099,0.006190952620741099,-0.15429742174064054
2022-07-20,2022-07-25,LINK,6.872341156005859,6.465126037597656,-0.059254205977875674,-0.061254205977875675,-0.08049469647985352
2022-08-09,2022-08-14,XRP,0.36810100078582764,0.3764509856700897,0.02268395050933414,0.020683950509334137,0.04986184385315817
2022-09-18,2022-09-23,XRP,0.35832300782203674,0.5071709752082825,0.415401646383176,0.413401646383176,-0.006275504041271307
2022-09-21,2022-09-26,XLM,0.11101000010967255,0.11362600326538086,0.02356547295850664,0.021565472958506637,0.03640787766226916
2022-09-24,2022-09-29,DOGE,0.06323400139808655,0.06072799861431122,-0.039630621633429675,-0.041630621633429676,0.033587087125802606
2022-09-28,2022-10-03,LINK,7.814181804656982,7.335093021392822,-0.0613101659573162,-0.0633101659573162,0.010133433120718793
2022-10-30,2022-11-04,DOGE,0.11780200153589249,0.12627999484539032,0.07196816012429741,0.06996816012429741,0.024793408767405545
2022-11-08,2022-11-13,LINK,7.6830339431762695,6.072445869445801,-0.20962917587536134,-0.21162917587536134,-0.11800195320174134
2022-11-08,2022-11-13,XLM,0.0989769995212555,0.08831500262022018,-0.10772196523037281,-0.10972196523037281,-0.11800195320174134
2022-11-08,2022-11-13,XRP,0.4062420129776001,0.3402960002422333,-0.16233183823604935,-0.16433183823604935,-0.11800195320174134
2022-11-08,2022-11-13,AVAX,15.991604804992676,13.052020072937012,-0.18382049631053343,-0.18582049631053343,-0.11800195320174134
2022-11-08,2022-11-13,BTC,18541.271484375,16353.365234375,-0.11800195320174134,-0.12000195320174134,-0.11800195320174134
2022-11-08,2022-11-13,ADA,0.37183400988578796,0.3301270008087158,-0.11216566523832183,-0.11416566523832183,-0.11800195320174134
2022-11-08,2022-11-13,BNB,327.6902770996094,276.5794372558594,-0.15597301298083255,-0.15797301298083255,-0.11800195320174134
2022-11-08,2022-11-13,ETH,1332.8355712890625,1221.8192138671875,-0.08329336327248882,-0.08529336327248882,-0.11800195320174134
2022-12-13,2022-12-18,BNB,271.9516906738281,251.15638732910156,-0.07646690223988317,-0.07846690223988317,-0.05755151424615568
2023-01-12,2023-01-17,AVAX,15.45734977722168,17.1265926361084,0.1079902365505474,0.1059902365505474,0.12146166911062761
2023-01-18,2023-01-23,DOGE,0.0801910012960434,0.08860500156879425,0.10492449447898333,0.10292449447898333,0.10854435374848381
2023-02-09,2023-02-14,LINK,6.98314094543457,6.806429862976074,-0.02530538676496652,-0.02730538676496652,0.018413534338022508
2023-02-13,2023-02-18,BNB,294.475341796875,316.6827087402344,0.07541333276956586,0.07341333276956585,0.12991391172360323
2023-03-22,2023-03-27,XRP,0.4224799871444702,0.47999098896980286,0.1361271624108109,0.1341271624108109,-0.006135648140730865
2023-03-22,2023-03-27,ADA,0.36061298847198486,0.34551000595092773,-0.04188141582213267,-0.043881415822132674,-0.006135648140730865
2023-03-22,2023-03-27,BNB,321.8877258300781,310.9491271972656,-0.03398265219527785,-0.03598265219527785,-0.006135648140730865
2023-04-02,2023-04-07,DOGE,0.07908900082111359,0.08245600014925003,0.04257228303784055,0.04057228303784055,-0.009697018557774384
2023-04-20,2023-04-25,DOGE,0.08393699675798416,0.07984700053930283,-0.048726978289133194,-0.050726978289133196,0.0021811725752536315
2023-06-05,2023-06-10,XRP,0.5103939771652222,0.5081989765167236,-0.0043006006079652215,-0.0063006006079652215,0.0035381301476893334
2023-06-05,2023-06-10,DOGE,0.06657300144433975,0.06185999885201454,-0.07079450362870676,-0.07279450362870676,0.0035381301476893334
2023-06-05,2023-06-10,BNB,276.8892517089844,239.08908081054688,-0.13651729225721687,-0.13851729225721687,0.0035381301476893334
2023-06-07,2023-06-12,ADA,0.3222779929637909,0.27504798769950867,-0.14655051320736223,-0.14855051320736223,-0.01683360205545925
2023-06-10,2023-06-15,AVAX,11.680257797241211,11.40145206451416,-0.023869826982149567,-0.02586982698214957,-0.01063181884633646
2023-06-10,2023-06-15,XLM,0.08233200013637543,0.07631699740886688,-0.07305789629239234,-0.07505789629239235,-0.01063181884633646
2023-06-10,2023-06-15,LINK,5.241125106811523,5.30604887008667,0.012387371404428027,0.010387371404428027,-0.01063181884633646
2023-06-12,2023-06-17,BNB,231.0514373779297,244.61058044433594,0.058684521595196326,0.056684521595196324,0.02347942404208081
2023-06-13,2023-06-18,XRP,0.5200859904289246,0.4875729978084564,-0.06251464799821671,-0.06451464799821671,0.016107440407361118
2023-06-28,2023-07-03,XLM,0.10041099786758423,0.10573499649763107,0.053022066736831075,0.05102206673683107,0.03557085041584229
2023-07-14,2023-07-19,LINK,6.9449357986450195,6.917884826660156,-0.0038950643705217836,-0.005895064370521784,-0.013850582990466265
2023-07-14,2023-07-19,XRP,0.7191569805145264,0.8206940293312073,0.14118899151063724,0.13918899151063724,-0.013850582990466265
2023-07-14,2023-07-19,DOGE,0.06852900236845016,0.07015900313854218,0.023785561058195626,0.021785561058195624,-0.013850582990466265
2023-07-14,2023-07-19,ADA,0.3288010060787201,0.323513001203537,-0.01608269067740342,-0.018082690677403424,-0.013850582990466265
2023-07-14,2023-07-19,XLM,0.13491299748420715,0.1559849977493286,0.15618954925071726,0.15418954925071726,-0.013850582990466265
2023-07-21,2023-07-26,LINK,8.142471313476562,7.753373146057129,-0.047786249707191364,-0.049786249707191366,-0.01851537068127218
2023-07-31,2023-08-05,BNB,241.1206512451172,242.9593505859375,0.007625640239960818,0.005625640239960818,-0.0064311891559277745
2023-08-17,2023-08-22,BTC,26664.55078125,26031.65625,-0.02373542822611663,-0.02573542822611663,-0.02373542822611663
2023-08-17,2023-08-22,ETH,1684.9334716796875,1633.892578125,-0.030292527516712853,-0.032292527516712854,-0.02373542822611663
2023-09-21,2023-09-26,XLM,0.1138480007648468,0.111845001578331,-0.017593626353202385,-0.019593626353202387,-0.013188333901360871
2023-09-21,2023-09-26,DOGE,0.06134599819779396,0.06059899926185608,-0.01217681605781984,-0.01417681605781984,-0.013188333901360871
2023-10-07,2023-10-12,AVAX,10.363143920898438,9.117600440979004,-0.1201897309761043,-0.1221897309761043,-0.043335405486825906
2023-10-24,2023-10-29,ADA,0.27899301052093506,0.2952829897403717,0.058388485034159165,0.056388485034159164,0.018788331231850197
2023-10-24,2023-10-29,DOGE,0.06655599921941757,0.06935899704694748,0.042114878604544215,0.04011487860454421,0.018788331231850197
2023-10-24,2023-10-29,XLM,0.11432100087404251,0.11578600108623505,0.012814795190663641,0.010814795190663641,0.018788331231850197
2023-10-24,2023-10-29,LINK,10.394031524658203,11.103344917297363,0.0682423745739491,0.0662423745739491,0.018788331231850197
2023-10-24,2023-10-29,AVAX,10.314806938171387,11.361387252807617,0.10146387818110414,0.09946387818110414,0.018788331231850197
2023-11-07,2023-11-12,ADA,0.3515709936618805,0.38338300585746765,0.09048531525380055,0.08848531525380054,0.04545132931403262
2023-11-07,2023-11-12,DOGE,0.07351800054311752,0.07798100262880325,0.060706249526851996,0.058706249526851995,0.04545132931403262
2023-11-07,2023-11-12,XRP,0.6864020228385925,0.6615359783172607,-0.036226648077899104,-0.038226648077899106,0.04545132931403262
2023-11-09,2023-11-14,AVAX,12.972375869750977,17.090946197509766,0.31748774234660315,0.31548774234660315,-0.03149048697814649
2023-11-09,2023-11-14,XLM,0.12295900285243988,0.11795400083065033,-0.04070464061745793,-0.042704640617457934,-0.03149048697814649
2023-11-09,2023-11-14,LINK,14.635876655578613,13.968098640441895,-0.04562610295586145,-0.04762610295586145,-0.03149048697814649
2023-11-10,2023-11-15,BNB,251.08236694335938,253.75534057617188,0.010645803866487613,0.008645803866487613,0.015185017842681336
2023-11-16,2023-11-21,ADA,0.37176600098609924,0.3586310148239136,-0.035331327037290916,-0.03733132703729092,-0.009430485539544065
2023-11-18,2023-11-23,DOGE,0.08038300275802612,0.07620000094175339,-0.05203838713097919,-0.05403838713097919,0.019240247108138542
2023-11-21,2023-11-26,BNB,226.4864044189453,232.0471954345703,0.024552427461998372,0.02255242746199837,0.04649905937129706
2023-12-11,2023-12-16,DOGE,0.09438399970531464,0.09705600142478943,0.02830990133727429,0.02630990133727429,0.024155979383659654
2023-12-11,2023-12-16,ADA,0.5510209798812866,0.60760897397995,0.10269662347675901,0.100696623476759,0.024155979383659654
2023-12-12,2023-12-17,AVAX,37.430912017822266,40.662322998046875,0.08633000923637701,0.08433000923637701,-0.0020641286889950816
2024-01-03,2024-01-08,XRP,0.5825799703598022,0.5779229998588562,-0.00799370170256608,-0.00999370170256608,0.09620778597542756
2024-02-20,2024-02-25,DOGE,0.08614300191402435,0.08609899878501892,-0.0005108149011262553,-0.0025108149011262553,-0.010550598404414302
2024-02-28,2024-03-04,XLM,0.12108100205659866,0.1458750069141388,0.20477204876410182,0.20277204876410182,0.0932028583309803
2024-02-28,2024-03-04,XRP,0.5758110284805298,0.6501330137252808,0.1290735702664021,0.1270735702664021,0.0932028583309803
2024-02-29,2024-03-05,BTC,61198.3828125,63801.19921875,0.04253080370153772,0.04053080370153772,0.04253080370153772
2024-03-05,2024-03-10,ADA,0.6934900283813477,0.7172269821166992,0.034228255294103116,0.032228255294103114,0.08179454160191324
2024-03-05,2024-03-10,ETH,3554.964599609375,3881.193115234375,0.09176702228226019,0.08976702228226019,0.08179454160191324
2024-03-05,2024-03-10,DOGE,0.15393699705600739,0.16991999745368958,0.10382819402321486,0.10182819402321486,0.08179454160191324
2024-03-05,2024-03-10,LINK,19.010520935058594,21.75461196899414,0.14434591473371894,0.14234591473371894,0.08179454160191324
2024-03-05,2024-03-10,XRP,0.5929009914398193,0.6084319949150085,0.0261949359158149,0.024194935915814897,0.08179454160191324
2024-03-05,2024-03-10,AVAX,39.50013732910156,42.052711486816406,0.0646219059049764,0.0626219059049764,0.08179454160191324
2024-03-05,2024-03-10,BNB,394.6617431640625,529.374755859375,0.3413379052534913,0.3393379052534913,0.08179454160191324
2024-03-05,2024-03-10,XLM,0.13239899277687073,0.13984300196170807,0.056224062046926315,0.054224062046926313,0.08179454160191324
2024-03-11,2024-03-16,LINK,21.289613723754883,18.12628936767578,-0.14858533353986947,-0.15058533353986947,-0.09440405292107978
2024-03-14,2024-03-19,BNB,602.9887084960938,507.0765686035156,-0.1590612536208038,-0.1610612536208038,-0.13283295202721068
2024-03-14,2024-03-19,AVAX,54.05936813354492,53.52589416503906,-0.009868298260312547,-0.011868298260312547,-0.13283295202721068
2024-04-13,2024-04-18,LINK,13.3458251953125,13.89305305480957,0.04100367354498813,0.03900367354498813,-0.004837223855093331
2024-04-13,2024-04-18,XLM,0.1056860014796257,0.11050999909639359,0.04564462227003507,0.04364462227003507,-0.004837223855093331
2024-06-07,2024-06-12,ADA,0.44964298605918884,0.4377959966659546,-0.026347546299042568,-0.02834754629904257,-0.015883434726427947
2024-06-07,2024-06-12,XRP,0.4989509880542755,0.49154001474380493,-0.014853108798061787,-0.01685310879806179,-0.015883434726427947
2024-06-18,2024-06-23,XLM,0.09137199819087982,0.08954700082540512,-0.019973267539385664,-0.021973267539385666,-0.030087914804188154
2024-07-05,2024-07-10,XLM,0.08552200347185135,0.0875369980931282,0.023561125084494483,0.02156112508449448,0.019062404174728043
2024-07-05,2024-07-10,ETH,2981.5986328125,3102.21875,0.0404548472286228,0.0384548472286228,0.019062404174728043
2024-07-05,2024-07-10,LINK,12.305855751037598,12.796518325805664,0.03987228395121534,0.037872283951215335,0.019062404174728043
2024-07-05,2024-07-10,ADA,0.3498849868774414,0.38883501291275024,0.11132237019633062,0.10932237019633062,0.019062404174728043
2024-07-05,2024-07-10,BTC,56662.375,57742.49609375,0.019062404174728043,0.01706240417472804,0.019062404174728043
2024-07-18,2024-07-23,XRP,0.5695739984512329,0.5974569916725159,0.048954118862696516,0.046954118862696514,0.03053745960658749
2024-07-22,2024-07-27,XLM,0.10349299758672714,0.10153300315141678,-0.01893842560379888,-0.020938425603798883,0.003374788692799058
2024-08-05,2024-08-10,XLM,0.08808500319719315,0.10132499784231186,0.15030929402907267,0.14830929402907267,0.12880473784444924
2024-08-05,2024-08-10,ETH,2417.206298828125,2610.02294921875,0.07976838819429832,0.07776838819429832,0.12880473784444924
2024-08-05,2024-08-10,AVAX,19.549341201782227,21.588260650634766,0.10429606950983383,0.10229606950983383,0.12880473784444924
2024-08-05,2024-08-10,BNB,464.6269226074219,523.317626953125,0.1263179154930132,0.12431791549301319,0.12880473784444924
2024-08-05,2024-08-10,LINK,9.501569747924805,10.554250717163086,0.1107902164764083,0.1087902164764083,0.12880473784444924
2024-08-05,2024-08-10,ADA,0.31315499544143677,0.3462890088558197,0.10580707284479307,0.10380707284479307,0.12880473784444924
2024-08-05,2024-08-10,DOGE,0.0945030003786087,0.10520199686288834,0.11321329948695902,0.11121329948695902,0.12880473784444924
2024-08-05,2024-08-10,BTC,53991.45703125,60945.8125,0.12880473784444924,0.12680473784444923,0.12880473784444924
2024-08-05,2024-08-10,XRP,0.48946601152420044,0.585578978061676,0.1963629021720612,0.1943629021720612,0.12880473784444924
2024-10-01,2024-10-06,XRP,0.5975300073623657,0.5335919857025146,-0.10700386737410583,-0.10900386737410583,0.032577955158616057
2024-10-01,2024-10-06,AVAX,25.86651611328125,26.928571701049805,0.04105908902139466,0.039059089021394655,0.032577955158616057
2024-11-12,2024-11-17,LINK,14.004612922668457,13.778284072875977,-0.016161021446450374,-0.018161021446450376,0.02148850665781743
2024-11-12,2024-11-17,ADA,0.5739179849624634,0.7023249864578247,0.22373754588603756,0.22173754588603756,0.02148850665781743
2024-11-12,2024-11-17,BTC,87955.8125,89845.8515625,0.02148850665781743,0.019488506657817428,0.02148850665781743
2024-11-12,2024-11-17,ETH,3246.25732421875,3075.66162109375,-0.052551503496740204,-0.054551503496740206,0.02148850665781743
2024-11-12,2024-11-17,AVAX,34.04673385620117,34.73808670043945,0.020305996080512756,0.018305996080512754,0.02148850665781743
2024-11-13,2024-11-18,XRP,0.6902880072593689,1.1179360151290894,0.6195211322989651,0.6175211322989651,-0.0004583962100853656
2024-11-13,2024-11-18,XLM,0.12432499974966049,0.2326509952545166,0.8713130562877955,0.8693130562877955,-0.0004583962100853656
2024-11-14,2024-11-19,DOGE,0.36164599657058716,0.3913559913635254,0.08215214622772504,0.08015214622772504,0.05837632425699901
2024-11-19,2024-11-24,XLM,0.23200899362564087,0.5374209880828857,1.3163799802952627,1.3143799802952627,0.061401327664412975
2024-11-23,2024-11-28,AVAX,41.489986419677734,42.84018325805664,0.032542715842841075,0.030542715842841073,-0.021731147285300456
2024-11-23,2024-11-28,XRP,1.469007968902588,1.5413429737091064,0.04924071641391836,0.04724071641391836,-0.021731147285300456
2024-11-25,2024-11-30,XLM,0.4831329882144928,0.5241339802742004,0.0848648158165195,0.0828648158165195,0.035947102540266895
2024-12-02,2024-12-07,XLM,0.5366439819335938,0.5052639842033386,-0.058474517159754935,-0.06047451715975494,0.04233055184279966
2024-12-03,2024-12-08,LINK,24.2171630859375,26.144575119018555,0.07958867957577875,0.07758867957577875,0.054518058145987425
2024-12-03,2024-12-08,XRP,2.525527000427246,2.6083478927612305,0.03279350896663291,0.03079350896663291,0.054518058145987425
2024-12-03,2024-12-08,ADA,1.198125958442688,1.1962909698486328,-0.0015315489837481877,-0.0035315489837481878,0.054518058145987425
2024-12-03,2024-12-08,AVAX,50.999488830566406,53.933502197265625,0.05753025047852489,0.05553025047852489,0.054518058145987425
2024-12-09,2024-12-14,LINK,22.34653663635254,29.112491607666016,0.30277420977651026,0.30077420977651026,0.04044072720694758
2025-01-16,2025-01-21,XLM,0.4823090136051178,0.4416550099849701,-0.08429036670136225,-0.08629036670136225,0.06404929357961109
2025-01-19,2025-01-24,DOGE,0.35775700211524963,0.350739985704422,-0.019613917741202247,-0.02161391774120225,0.036896719881107876
2025-01-19,2025-01-24,ADA,0.991191029548645,0.9714940190315247,-0.019872062932298484,-0.021872062932298486,0.036896719881107876
2025-01-19,2025-01-24,ETH,3208.96435546875,3309.554931640625,0.03134674151192973,0.02934674151192973,0.036896719881107876
2025-02-03,2025-02-08,BNB,617.1207885742188,613.32421875,-0.00615206924561762,-0.00815206924561762,-0.04854739183540324
2025-02-13,2025-02-18,BNB,668.2775268554688,647.443359375,-0.03117592114536971,-0.03317592114536971,-0.011222075291147937
2025-02-25,2025-03-02,BTC,88736.171875,94248.3515625,0.06211874561441344,0.06011874561441344,0.06211874561441344
2025-03-03,2025-03-08,ADA,0.8552640080451965,0.8046919703483582,-0.059130323760994585,-0.06113032376099459,0.0010331863222905469
2025-03-07,2025-03-12,LINK,15.938858985900879,13.482376098632812,-0.15411911790179023,-0.15611911790179023,-0.034819223742063254
2025-04-07,2025-04-12,XRP,1.8977539539337158,2.1586201190948486,0.13746047775076553,0.13546047775076553,0.07637720425989714
2025-04-07,2025-04-12,ETH,1555.240966796875,1643.528564453125,0.056767793249482335,0.05476779324948233,0.07637720425989714
2025-05-07,2025-05-12,ETH,1811.606689453125,2496.397705078125,0.3780020352164408,0.3760020352164408,0.059574302602298124
2025-05-11,2025-05-16,DOGE,0.23150800168514252,0.22128699719905853,-0.044149681270994834,-0.046149681270994836,-0.005927306614164296
2025-05-12,2025-05-17,LINK,16.732389450073242,15.320246696472168,-0.08439576175385355,-0.08639576175385355,0.003677871328530591
2025-07-14,2025-07-19,DOGE,0.19743099808692932,0.24149300158023834,0.22317672462917115,0.22117672462917115,-0.015934345373456726
2025-07-14,2025-07-19,ADA,0.7343360185623169,0.8303400278091431,0.1307358032563659,0.1287358032563659,-0.015934345373456726
2025-07-14,2025-07-19,XLM,0.4636490046977997,0.46157601475715637,-0.004471032871071201,-0.006471032871071201,-0.015934345373456726
2025-07-18,2025-07-23,XRP,3.4182119369506836,3.1849300861358643,-0.0682467486269811,-0.0702467486269811,0.006370456104451083
2025-07-18,2025-07-23,LINK,17.843006134033203,18.185083389282227,0.019171503539224588,0.017171503539224586,0.006370456104451083
2025-07-18,2025-07-23,AVAX,23.524816513061523,23.95308494567871,0.018204963782795236,0.016204963782795234,0.006370456104451083
2025-07-21,2025-07-26,DOGE,0.2717190086841583,0.23551400005817413,-0.1332442982230525,-0.1352442982230525,0.004324166537555518
2025-07-23,2025-07-28,BNB,776.6404418945312,822.0185546875,0.058428727561848026,0.056428727561848024,-0.006993260478920793
2025-08-14,2025-08-19,LINK,22.479764938354492,23.518341064453125,0.046200488703804776,0.044200488703804774,-0.046708500698282585
2025-09-23,2025-09-28,AVAX,33.65406036376953,30.007946014404297,-0.10834099392329133,-0.11034099392329133,0.0009654163077101874
2025-10-08,2025-10-13,BNB,1306.599365234375,1293.4732666015625,-0.010046001078883093,-0.012046001078883093,-0.0655327936936011
2025-10-10,2025-10-15,XRP,2.3585970401763916,2.412666082382202,0.02292423897969731,0.020924238979697307,-0.021474333915355137
2025-10-10,2025-10-15,DOGE,0.19315500557422638,0.19632700085639954,0.016422019573053337,0.014422019573053337,-0.021474333915355137
2025-10-10,2025-10-15,ADA,0.6348350048065186,0.66880202293396,0.053505269668917554,0.05150526966891755,-0.021474333915355137
2025-10-10,2025-10-15,XLM,0.3183090090751648,0.32470500469207764,0.02009366821095071,0.01809366821095071,-0.021474333915355137
2025-10-10,2025-10-15,BTC,113214.3671875,110783.1640625,-0.021474333915355137,-0.02347433391535514,-0.021474333915355137
2025-10-10,2025-10-15,ETH,3843.0087890625,3987.45947265625,0.03758791392954075,0.03558791392954075,-0.021474333915355137
2025-10-10,2025-10-15,LINK,17.354766845703125,18.063411712646484,0.040832865877354685,0.03883286587735468,-0.021474333915355137
2025-10-28,2025-11-02,XLM,0.3185800015926361,0.30510398745536804,-0.04230025133372828,-0.04430025133372828,-0.020508301443542543
2026-01-06,2026-01-11,XLM,0.24401700496673584,0.2241860032081604,-0.08126893353714748,-0.08326893353714748,-0.03095700738398488
2026-01-06,2026-01-11,XRP,2.306900978088379,2.0710649490356445,-0.10223066845641582,-0.10423066845641582,-0.03095700738398488
2026-01-31,2026-02-05,ADA,0.2934960126876831,0.24488499760627747,-0.16562751444645318,-0.16762751444645319,-0.20247765614021285
2026-01-31,2026-02-05,LINK,9.968608856201172,7.9071807861328125,-0.20679195059258515,-0.20879195059258515,-0.20247765614021285
2026-02-05,2026-02-10,ETH,1821.68310546875,2019.4974365234375,0.10858877181263993,0.10658877181263993,0.09715565362178569
2026-02-05,2026-02-10,DOGE,0.08828599750995636,0.09269899874925613,0.049985290575689456,0.047985290575689454,0.09715565362178569
2026-02-05,2026-02-10,XRP,1.2135210037231445,1.399487018585205,0.15324499064417285,0.15124499064417285,0.09715565362178569
2026-02-05,2026-02-10,BTC,62702.09765625,68793.9609375,0.09715565362178569,0.09515565362178569,0.09715565362178569
2026-02-05,2026-02-10,XLM,0.14670099318027496,0.15837900340557098,0.07960416608049403,0.07760416608049403,0.09715565362178569
2026-02-05,2026-02-10,AVAX,8.29923152923584,8.74378490447998,0.05356560709001856,0.05156560709001856,0.09715565362178569
2026-04-14,2026-04-19,DOGE,0.0930119976401329,0.09446000307798386,0.015567942572885407,0.013567942572885407,0.010387303288403427
